<?xml version="1.0" encoding="UTF-8" ?>
<bematech>
    <Sistema>
        <LocalizarPorta>1</LocalizarPorta>
        <Porta></Porta>
        <Path>C:\</Path>
        <NivelLog>1</NivelLog>
        <ValidarParametros>1</ValidarParametros>
    </Sistema>
    <Timeouts>
        <ativacao>1800000</ativacao>
        <icp_brasil>600000</icp_brasil>
        <consultar_sat>10000</consultar_sat>
        <associar_assinatura>40000</associar_assinatura>
        <consultar_sessao>40000</consultar_sessao>
        <trocar_codigo_ativacao>40000</trocar_codigo_ativacao>
        <bloquear_sat>1200000</bloquear_sat>
        <desbloquear_sat>80000</desbloquear_sat>
        <extrair_logs>180000</extrair_logs>
        <atualizar_sat>3600000</atualizar_sat>
        <configurar_rede>120000</configurar_rede>
        <enviar_venda>60000</enviar_venda>
        <cancelar_venda>40000</cancelar_venda>
        <teste_fim_a_fim>40000</teste_fim_a_fim>
        <consultar_status>20000</consultar_status>
    </Timeouts>
</bematech>
